path,kind,size_bytes,release_relevant,note
.gitignore,file,324,True,Included in списък на файловете
streamlit_app.py,file,213075,True,Included in списък на файловете
README.md,file,5418,True,Included in списък на файловете
requirements.txt,file,56,True,Included in списък на файловете
configs/ml_extensions_config.json,file,426,True,Included in списък на файловете
data/DATA_SOURCE_NOTES.md,file,1185,True,Included in списък на файловете
data/historical_draws.csv,file,573282,True,Included in списък на файловете
data/raw/bst_649_official/649_1958.txt,file,1100,True,Included in списък на файловете
data/raw/bst_649_official/649_1959.txt,file,1084,True,Included in списък на файловете
data/raw/bst_649_official/649_1960.txt,file,1074,True,Included in списък на файловете
data/raw/bst_649_official/649_1961.txt,file,1102,True,Included in списък на файловете
data/raw/bst_649_official/649_1962.txt,file,1095,True,Included in списък на файловете
data/raw/bst_649_official/649_1963.txt,file,1121,True,Included in списък на файловете
data/raw/bst_649_official/649_1964.txt,file,1135,True,Included in списък на файловете
data/raw/bst_649_official/649_1965.txt,file,1163,True,Included in списък на файловете
data/raw/bst_649_official/649_1966.txt,file,2203,True,Included in списък на файловете
data/raw/bst_649_official/649_1967.txt,file,2214,True,Included in списък на файловете
data/raw/bst_649_official/649_1968.txt,file,2225,True,Included in списък на файловете
data/raw/bst_649_official/649_1969.txt,file,2300,True,Included in списък на файловете
data/raw/bst_649_official/649_1970.txt,file,2258,True,Included in списък на файловете
data/raw/bst_649_official/649_1971.txt,file,2259,True,Included in списък на файловете
data/raw/bst_649_official/649_1972.txt,file,2264,True,Included in списък на файловете
data/raw/bst_649_official/649_1973.txt,file,2300,True,Included in списък на файловете
data/raw/bst_649_official/649_1974.txt,file,2348,True,Included in списък на файловете
data/raw/bst_649_official/649_1975.txt,file,2308,True,Included in списък на файловете
data/raw/bst_649_official/649_1976.txt,file,2273,True,Included in списък на файловете
data/raw/bst_649_official/649_1977.txt,file,2265,True,Included in списък на файловете
data/raw/bst_649_official/649_1978.txt,file,2379,True,Included in списък на файловете
data/raw/bst_649_official/649_1979.txt,file,2548,True,Included in списък на файловете
data/raw/bst_649_official/649_1980.txt,file,2437,True,Included in списък на файловете
data/raw/bst_649_official/649_1981.txt,file,2349,True,Included in списък на файловете
data/raw/bst_649_official/649_1982.txt,file,2251,True,Included in списък на файловете
data/raw/bst_649_official/649_1983.txt,file,2171,True,Included in списък на файловете
data/raw/bst_649_official/649_1984.txt,file,2262,True,Included in списък на файловете
data/raw/bst_649_official/649_1985.txt,file,2428,True,Included in списък на файловете
data/raw/bst_649_official/649_1986.txt,file,2356,True,Included in списък на файловете
data/raw/bst_649_official/649_1987.txt,file,2353,True,Included in списък на файловете
data/raw/bst_649_official/649_1988.txt,file,2421,True,Included in списък на файловете
data/raw/bst_649_official/649_1989.txt,file,2339,True,Included in списък на файловете
data/raw/bst_649_official/649_1990.txt,file,2222,True,Included in списък на файловете
data/raw/bst_649_official/649_1991.txt,file,2218,True,Included in списък на файловете
data/raw/bst_649_official/649_1992.txt,file,2379,True,Included in списък на файловете
data/raw/bst_649_official/649_1993.txt,file,2294,True,Included in списък на файловете
data/raw/bst_649_official/649_1994.txt,file,2509,True,Included in списък на файловете
data/raw/bst_649_official/649_1995.txt,file,2432,True,Included in списък на файловете
data/raw/bst_649_official/649_1996.txt,file,2364,True,Included in списък на файловете
data/raw/bst_649_official/649_1997.txt,file,4337,True,Included in списък на файловете
data/raw/bst_649_official/649_1998.txt,file,6785,True,Included in списък на файловете
data/raw/bst_649_official/649_1999.txt,file,6853,True,Included in списък на файловете
data/raw/bst_649_official/649_2000.txt,file,5795,True,Included in списък на файловете
data/raw/bst_649_official/649_2001.txt,file,6430,True,Included in списък на файловете
data/raw/bst_649_official/649_2002.txt,file,6858,True,Included in списък на файловете
data/raw/bst_649_official/649_2003.txt,file,6503,True,Included in списък на файловете
data/raw/bst_649_official/649_2004.txt,file,6787,True,Included in списък на файловете
data/raw/bst_649_official/649_2005.txt,file,7050,True,Included in списък на файловете
data/raw/bst_649_official/649_2006.txt,file,7236,True,Included in списък на файловете
data/raw/bst_649_official/649_2007.txt,file,6119,True,Included in списък на файловете
data/raw/bst_649_official/649_2008.txt,file,6128,True,Included in списък на файловете
data/raw/bst_649_official/649_2009.txt,file,6069,True,Included in списък на файловете
data/raw/bst_649_official/649_2010.txt,file,4638,True,Included in списък на файловете
data/raw/bst_649_official/649_2011.txt,file,4215,True,Included in списък на файловете
data/raw/bst_649_official/649_2012.txt,file,4374,True,Included in списък на файловете
data/raw/bst_649_official/649_2013.txt,file,5563,True,Included in списък на файловете
data/raw/bst_649_official/649_2014.txt,file,5510,True,Included in списък на файловете
data/raw/bst_649_official/649_2015.txt,file,3960,True,Included in списък на файловете
data/raw/bst_649_official/649_2016.txt,file,3014,True,Included in списък на файловете
data/raw/bst_649_yearly/149bdb98aa8426faf31b8b57fde4c5eb.txt,file,4878,True,Included in списък на файловете
data/raw/bst_649_yearly/1958.txt,file,1100,True,Included in списък на файловете
data/raw/bst_649_yearly/1958_649_58.txt,file,1100,True,Included in списък на файловете
data/raw/bst_649_yearly/1959.txt,file,1084,True,Included in списък на файловете
data/raw/bst_649_yearly/1959_649_59.txt,file,1084,True,Included in списък на файловете
data/raw/bst_649_yearly/1960.txt,file,1074,True,Included in списък на файловете
data/raw/bst_649_yearly/1960_649_60.txt,file,1074,True,Included in списък на файловете
data/raw/bst_649_yearly/1961.txt,file,1102,True,Included in списък на файловете
data/raw/bst_649_yearly/1961_649_61.txt,file,1102,True,Included in списък на файловете
data/raw/bst_649_yearly/1962.txt,file,1095,True,Included in списък на файловете
data/raw/bst_649_yearly/1962_649_62.txt,file,1095,True,Included in списък на файловете
data/raw/bst_649_yearly/1963.txt,file,1121,True,Included in списък на файловете
data/raw/bst_649_yearly/1963_649_63.txt,file,1121,True,Included in списък на файловете
data/raw/bst_649_yearly/1964.txt,file,1135,True,Included in списък на файловете
data/raw/bst_649_yearly/1964_649_64.txt,file,1135,True,Included in списък на файловете
data/raw/bst_649_yearly/1965.txt,file,1163,True,Included in списък на файловете
data/raw/bst_649_yearly/1965_649_65.txt,file,1163,True,Included in списък на файловете
data/raw/bst_649_yearly/1966.txt,file,2203,True,Included in списък на файловете
data/raw/bst_649_yearly/1966_649_66.txt,file,2203,True,Included in списък на файловете
data/raw/bst_649_yearly/1967.txt,file,2214,True,Included in списък на файловете
data/raw/bst_649_yearly/1967_649_67.txt,file,2214,True,Included in списък на файловете
data/raw/bst_649_yearly/1968.txt,file,2225,True,Included in списък на файловете
data/raw/bst_649_yearly/1968_649_68.txt,file,2225,True,Included in списък на файловете
data/raw/bst_649_yearly/1969.txt,file,2300,True,Included in списък на файловете
data/raw/bst_649_yearly/1969_649_69.txt,file,2300,True,Included in списък на файловете
data/raw/bst_649_yearly/1970.txt,file,2258,True,Included in списък на файловете
data/raw/bst_649_yearly/1970_649_70.txt,file,2258,True,Included in списък на файловете
data/raw/bst_649_yearly/1971.txt,file,2259,True,Included in списък на файловете
data/raw/bst_649_yearly/1971_649_71.txt,file,2259,True,Included in списък на файловете
data/raw/bst_649_yearly/1972.txt,file,2264,True,Included in списък на файловете
data/raw/bst_649_yearly/1972_649_72.txt,file,2264,True,Included in списък на файловете
data/raw/bst_649_yearly/1973.txt,file,2300,True,Included in списък на файловете
data/raw/bst_649_yearly/1973_649_73.txt,file,2300,True,Included in списък на файловете
data/raw/bst_649_yearly/1974.txt,file,2348,True,Included in списък на файловете
data/raw/bst_649_yearly/1974_649_74.txt,file,2348,True,Included in списък на файловете
data/raw/bst_649_yearly/1975.txt,file,2308,True,Included in списък на файловете
data/raw/bst_649_yearly/1975_649_75.txt,file,2308,True,Included in списък на файловете
data/raw/bst_649_yearly/1976.txt,file,2273,True,Included in списък на файловете
data/raw/bst_649_yearly/1976_649_76.txt,file,2273,True,Included in списък на файловете
data/raw/bst_649_yearly/1977.txt,file,2265,True,Included in списък на файловете
data/raw/bst_649_yearly/1977_649_77.txt,file,2265,True,Included in списък на файловете
data/raw/bst_649_yearly/1978.txt,file,2379,True,Included in списък на файловете
data/raw/bst_649_yearly/1978_649_78.txt,file,2379,True,Included in списък на файловете
data/raw/bst_649_yearly/1979.txt,file,2548,True,Included in списък на файловете
data/raw/bst_649_yearly/1979_649_79.txt,file,2548,True,Included in списък на файловете
data/raw/bst_649_yearly/1980.txt,file,2437,True,Included in списък на файловете
data/raw/bst_649_yearly/1980_649_80.txt,file,2437,True,Included in списък на файловете
data/raw/bst_649_yearly/1981.txt,file,2349,True,Included in списък на файловете
data/raw/bst_649_yearly/1981_649_81.txt,file,2349,True,Included in списък на файловете
data/raw/bst_649_yearly/1982.txt,file,2251,True,Included in списък на файловете
data/raw/bst_649_yearly/1982_649_82.txt,file,2251,True,Included in списък на файловете
data/raw/bst_649_yearly/1983.txt,file,2171,True,Included in списък на файловете
data/raw/bst_649_yearly/1983_649_83.txt,file,2171,True,Included in списък на файловете
data/raw/bst_649_yearly/1984.txt,file,2262,True,Included in списък на файловете
data/raw/bst_649_yearly/1984_649_84.txt,file,2262,True,Included in списък на файловете
data/raw/bst_649_yearly/1985.txt,file,2428,True,Included in списък на файловете
data/raw/bst_649_yearly/1985_649_85.txt,file,2428,True,Included in списък на файловете
data/raw/bst_649_yearly/1986.txt,file,2356,True,Included in списък на файловете
data/raw/bst_649_yearly/1986_649_86.txt,file,2356,True,Included in списък на файловете
data/raw/bst_649_yearly/1987.txt,file,2353,True,Included in списък на файловете
data/raw/bst_649_yearly/1987_649_87.txt,file,2353,True,Included in списък на файловете
data/raw/bst_649_yearly/1988.txt,file,2421,True,Included in списък на файловете
data/raw/bst_649_yearly/1988_649_88.txt,file,2421,True,Included in списък на файловете
data/raw/bst_649_yearly/1989.txt,file,2339,True,Included in списък на файловете
data/raw/bst_649_yearly/1989_649_89.txt,file,2339,True,Included in списък на файловете
data/raw/bst_649_yearly/1990.txt,file,2222,True,Included in списък на файловете
data/raw/bst_649_yearly/1990_649_90.txt,file,2222,True,Included in списък на файловете
data/raw/bst_649_yearly/1991.txt,file,2218,True,Included in списък на файловете
data/raw/bst_649_yearly/1991_649_91.txt,file,2218,True,Included in списък на файловете
data/raw/bst_649_yearly/1992.txt,file,2379,True,Included in списък на файловете
data/raw/bst_649_yearly/1992_649_92.txt,file,2379,True,Included in списък на файловете
data/raw/bst_649_yearly/1993.txt,file,2294,True,Included in списък на файловете
data/raw/bst_649_yearly/1993_649_93.txt,file,2294,True,Included in списък на файловете
data/raw/bst_649_yearly/1994.txt,file,2509,True,Included in списък на файловете
data/raw/bst_649_yearly/1994_649_94.txt,file,2509,True,Included in списък на файловете
data/raw/bst_649_yearly/1995.txt,file,2432,True,Included in списък на файловете
data/raw/bst_649_yearly/1995_649_95.txt,file,2432,True,Included in списък на файловете
data/raw/bst_649_yearly/1996.txt,file,2364,True,Included in списък на файловете
data/raw/bst_649_yearly/1996_649_96.txt,file,2364,True,Included in списък на файловете
data/raw/bst_649_yearly/1997.txt,file,4337,True,Included in списък на файловете
data/raw/bst_649_yearly/1997_649_97.txt,file,4337,True,Included in списък на файловете
data/raw/bst_649_yearly/1998.txt,file,6785,True,Included in списък на файловете
data/raw/bst_649_yearly/1998_649_98.txt,file,6785,True,Included in списък на файловете
data/raw/bst_649_yearly/1999.txt,file,6853,True,Included in списък на файловете
data/raw/bst_649_yearly/1999_649_99.txt,file,6853,True,Included in списък на файловете
data/raw/bst_649_yearly/2000.txt,file,5795,True,Included in списък на файловете
data/raw/bst_649_yearly/2000_649_00.txt,file,5795,True,Included in списък на файловете
data/raw/bst_649_yearly/2001.txt,file,6430,True,Included in списък на файловете
data/raw/bst_649_yearly/2001_649_01.txt,file,6430,True,Included in списък на файловете
data/raw/bst_649_yearly/2002.txt,file,6858,True,Included in списък на файловете
data/raw/bst_649_yearly/2002_649_02.txt,file,6858,True,Included in списък на файловете
data/raw/bst_649_yearly/2003.txt,file,6503,True,Included in списък на файловете
data/raw/bst_649_yearly/2003_649_03.txt,file,6503,True,Included in списък на файловете
data/raw/bst_649_yearly/2004.txt,file,6787,True,Included in списък на файловете
data/raw/bst_649_yearly/2004_649_04.txt,file,6787,True,Included in списък на файловете
data/raw/bst_649_yearly/2005_649_2005.txt,file,7050,True,Included in списък на файловете
data/raw/bst_649_yearly/2006_649_2006.txt,file,7236,True,Included in списък на файловете
data/raw/bst_649_yearly/2007_649_2007.txt,file,6119,True,Included in списък на файловете
data/raw/bst_649_yearly/2008_649_2008.txt,file,6128,True,Included in списък на файловете
data/raw/bst_649_yearly/2009_649_2009.txt,file,6069,True,Included in списък на файловете
data/raw/bst_649_yearly/2010_649_2010.txt,file,4638,True,Included in списък на файловете
data/raw/bst_649_yearly/2011_649_2011.txt,file,4215,True,Included in списък на файловете
data/raw/bst_649_yearly/2012.txt,file,4374,True,Included in списък на файловете
data/raw/bst_649_yearly/2012_649_2012.txt,file,4374,True,Included in списък на файловете
data/raw/bst_649_yearly/2013.txt,file,5563,True,Included in списък на файловете
data/raw/bst_649_yearly/2013_649_2013.txt,file,5563,True,Included in списък на файловете
data/raw/bst_649_yearly/2014.txt,file,5510,True,Included in списък на файловете
data/raw/bst_649_yearly/2014_649_2014.txt,file,5510,True,Included in списък на файловете
data/raw/bst_649_yearly/2015.txt,file,3960,True,Included in списък на файловете
data/raw/bst_649_yearly/2015_649_2015.txt,file,3960,True,Included in списък на файловете
data/raw/bst_649_yearly/2016.txt,file,3014,True,Included in списък на файловете
data/raw/bst_649_yearly/2016_649_2016.txt,file,3014,True,Included in списък на файловете
data/raw/bst_649_yearly/2a0952991d371ca5575a4d79e5c5e5d5.txt,file,3014,True,Included in списък на файловете
data/raw/bst_649_yearly/5026e066d4883844db5c8ab602e38858.docx,file,14845,True,Included in списък на файловете
data/raw/bst_649_yearly/5f8be78ee5e2ceb7839cefe22b7d2f1b.docx,file,16074,True,Included in списък на файловете
data/raw/bst_649_yearly/649_00.txt,file,5795,True,Included in списък на файловете
data/raw/bst_649_yearly/649_01.txt,file,6430,True,Included in списък на файловете
data/raw/bst_649_yearly/649_02.txt,file,6858,True,Included in списък на файловете
data/raw/bst_649_yearly/649_03.txt,file,6503,True,Included in списък на файловете
data/raw/bst_649_yearly/649_04.txt,file,6787,True,Included in списък на файловете
data/raw/bst_649_yearly/649_2005.txt,file,7050,True,Included in списък на файловете
data/raw/bst_649_yearly/649_2006.txt,file,7236,True,Included in списък на файловете
data/raw/bst_649_yearly/649_2007.txt,file,6119,True,Included in списък на файловете
data/raw/bst_649_yearly/649_2008.txt,file,6128,True,Included in списък на файловете
data/raw/bst_649_yearly/649_2009.txt,file,6069,True,Included in списък на файловете
data/raw/bst_649_yearly/649_2010.txt,file,4638,True,Included in списък на файловете
data/raw/bst_649_yearly/649_2011.txt,file,4215,True,Included in списък на файловете
data/raw/bst_649_yearly/649_2012.txt,file,4374,True,Included in списък на файловете
data/raw/bst_649_yearly/649_2013.txt,file,5563,True,Included in списък на файловете
data/raw/bst_649_yearly/649_2014.txt,file,5510,True,Included in списък на файловете
data/raw/bst_649_yearly/649_2015.txt,file,3960,True,Included in списък на файловете
data/raw/bst_649_yearly/649_2016.txt,file,3014,True,Included in списък на файловете
data/raw/bst_649_yearly/649_58.txt,file,1100,True,Included in списък на файловете
data/raw/bst_649_yearly/649_59.txt,file,1084,True,Included in списък на файловете
data/raw/bst_649_yearly/649_60.txt,file,1074,True,Included in списък на файловете
data/raw/bst_649_yearly/649_61.txt,file,1102,True,Included in списък на файловете
data/raw/bst_649_yearly/649_62.txt,file,1095,True,Included in списък на файловете
data/raw/bst_649_yearly/649_63.txt,file,1121,True,Included in списък на файловете
data/raw/bst_649_yearly/649_64.txt,file,1135,True,Included in списък на файловете
data/raw/bst_649_yearly/649_65.txt,file,1163,True,Included in списък на файловете
data/raw/bst_649_yearly/649_66.txt,file,2203,True,Included in списък на файловете
data/raw/bst_649_yearly/649_67.txt,file,2214,True,Included in списък на файловете
data/raw/bst_649_yearly/649_68.txt,file,2225,True,Included in списък на файловете
data/raw/bst_649_yearly/649_69.txt,file,2300,True,Included in списък на файловете
data/raw/bst_649_yearly/649_70.txt,file,2258,True,Included in списък на файловете
data/raw/bst_649_yearly/649_71.txt,file,2259,True,Included in списък на файловете
data/raw/bst_649_yearly/649_72.txt,file,2264,True,Included in списък на файловете
data/raw/bst_649_yearly/649_73.txt,file,2300,True,Included in списък на файловете
data/raw/bst_649_yearly/649_74.txt,file,2348,True,Included in списък на файловете
data/raw/bst_649_yearly/649_75.txt,file,2308,True,Included in списък на файловете
data/raw/bst_649_yearly/649_76.txt,file,2273,True,Included in списък на файловете
data/raw/bst_649_yearly/649_77.txt,file,2265,True,Included in списък на файловете
data/raw/bst_649_yearly/649_78.txt,file,2379,True,Included in списък на файловете
data/raw/bst_649_yearly/649_79.txt,file,2548,True,Included in списък на файловете
data/raw/bst_649_yearly/649_80.txt,file,2437,True,Included in списък на файловете
data/raw/bst_649_yearly/649_81.txt,file,2349,True,Included in списък на файловете
data/raw/bst_649_yearly/649_82.txt,file,2251,True,Included in списък на файловете
data/raw/bst_649_yearly/649_83.txt,file,2171,True,Included in списък на файловете
data/raw/bst_649_yearly/649_84.txt,file,2262,True,Included in списък на файловете
data/raw/bst_649_yearly/649_85.txt,file,2428,True,Included in списък на файловете
data/raw/bst_649_yearly/649_86.txt,file,2356,True,Included in списък на файловете
data/raw/bst_649_yearly/649_87.txt,file,2353,True,Included in списък на файловете
data/raw/bst_649_yearly/649_88.txt,file,2421,True,Included in списък на файловете
data/raw/bst_649_yearly/649_89.txt,file,2339,True,Included in списък на файловете
data/raw/bst_649_yearly/649_90.txt,file,2222,True,Included in списък на файловете
data/raw/bst_649_yearly/649_91.txt,file,2218,True,Included in списък на файловете
data/raw/bst_649_yearly/649_92.txt,file,2379,True,Included in списък на файловете
data/raw/bst_649_yearly/649_93.txt,file,2294,True,Included in списък на файловете
data/raw/bst_649_yearly/649_94.txt,file,2509,True,Included in списък на файловете
data/raw/bst_649_yearly/649_95.txt,file,2432,True,Included in списък на файловете
data/raw/bst_649_yearly/649_96.txt,file,2364,True,Included in списък на файловете
data/raw/bst_649_yearly/649_97.txt,file,4337,True,Included in списък на файловете
data/raw/bst_649_yearly/649_98.txt,file,6785,True,Included in списък на файловете
data/raw/bst_649_yearly/649_99.txt,file,6853,True,Included in списък на файловете
data/raw/bst_649_yearly/8241c0de420163c1fcfd616689d1fa33.txt,file,6228,True,Included in списък на файловете
data/raw/bst_649_yearly/b72d0cbe449bcc17ec8ecb19ee82233a.docx,file,14691,True,Included in списък на файловете
data/raw/bst_649_yearly/be9d1b15257f53cd749db1e501b01180.txt,file,4849,True,Included in списък на файловете
data/raw/bst_649_yearly/bst_649_1958.txt,file,1100,True,Included in списък на файловете
data/raw/bst_649_yearly/bst_649_1959.txt,file,1084,True,Included in списък на файловете
data/raw/bst_649_yearly/bst_649_1960.txt,file,1074,True,Included in списък на файловете
data/raw/bst_649_yearly/bst_649_1961.txt,file,1102,True,Included in списък на файловете
data/raw/bst_649_yearly/bst_649_1962.txt,file,1095,True,Included in списък на файловете
data/raw/bst_649_yearly/bst_649_1963.txt,file,1121,True,Included in списък на файловете
data/raw/bst_649_yearly/bst_649_1964.txt,file,1135,True,Included in списък на файловете
data/raw/bst_649_yearly/bst_649_1965.txt,file,1163,True,Included in списък на файловете
data/raw/bst_649_yearly/bst_649_1966.txt,file,2203,True,Included in списък на файловете
data/raw/bst_649_yearly/bst_649_1967.txt,file,2214,True,Included in списък на файловете
data/raw/bst_649_yearly/bst_649_1968.txt,file,2225,True,Included in списък на файловете
data/raw/bst_649_yearly/bst_649_1969.txt,file,2300,True,Included in списък на файловете
data/raw/bst_649_yearly/bst_649_1970.txt,file,2258,True,Included in списък на файловете
data/raw/bst_649_yearly/bst_649_1971.txt,file,2259,True,Included in списък на файловете
data/raw/bst_649_yearly/bst_649_1972.txt,file,2264,True,Included in списък на файловете
data/raw/bst_649_yearly/bst_649_1973.txt,file,2300,True,Included in списък на файловете
data/raw/bst_649_yearly/bst_649_1974.txt,file,2348,True,Included in списък на файловете
data/raw/bst_649_yearly/bst_649_1975.txt,file,2308,True,Included in списък на файловете
data/raw/bst_649_yearly/bst_649_1976.txt,file,2273,True,Included in списък на файловете
data/raw/bst_649_yearly/bst_649_1977.txt,file,2265,True,Included in списък на файловете
data/raw/bst_649_yearly/bst_649_1978.txt,file,2379,True,Included in списък на файловете
data/raw/bst_649_yearly/bst_649_1979.txt,file,2548,True,Included in списък на файловете
data/raw/bst_649_yearly/bst_649_1980.txt,file,2437,True,Included in списък на файловете
data/raw/bst_649_yearly/bst_649_1981.txt,file,2349,True,Included in списък на файловете
data/raw/bst_649_yearly/bst_649_1982.txt,file,2251,True,Included in списък на файловете
data/raw/bst_649_yearly/bst_649_1983.txt,file,2171,True,Included in списък на файловете
data/raw/bst_649_yearly/bst_649_1984.txt,file,2262,True,Included in списък на файловете
data/raw/bst_649_yearly/bst_649_1985.txt,file,2428,True,Included in списък на файловете
data/raw/bst_649_yearly/bst_649_1986.txt,file,2356,True,Included in списък на файловете
data/raw/bst_649_yearly/bst_649_1987.txt,file,2353,True,Included in списък на файловете
data/raw/bst_649_yearly/bst_649_1988.txt,file,2421,True,Included in списък на файловете
data/raw/bst_649_yearly/bst_649_1989.txt,file,2339,True,Included in списък на файловете
data/raw/bst_649_yearly/bst_649_1990.txt,file,2222,True,Included in списък на файловете
data/raw/bst_649_yearly/bst_649_1991.txt,file,2218,True,Included in списък на файловете
data/raw/bst_649_yearly/bst_649_1992.txt,file,2379,True,Included in списък на файловете
data/raw/bst_649_yearly/bst_649_1993.txt,file,2294,True,Included in списък на файловете
data/raw/bst_649_yearly/bst_649_1994.txt,file,2509,True,Included in списък на файловете
data/raw/bst_649_yearly/bst_649_1995.txt,file,2432,True,Included in списък на файловете
data/raw/bst_649_yearly/bst_649_1996.txt,file,2364,True,Included in списък на файловете
data/raw/bst_649_yearly/bst_649_1997.txt,file,4337,True,Included in списък на файловете
data/raw/bst_649_yearly/bst_649_1998.txt,file,6785,True,Included in списък на файловете
data/raw/bst_649_yearly/bst_649_1999.txt,file,6853,True,Included in списък на файловете
data/raw/bst_649_yearly/bst_649_2000.txt,file,5795,True,Included in списък на файловете
data/raw/bst_649_yearly/bst_649_2001.txt,file,6430,True,Included in списък на файловете
data/raw/bst_649_yearly/bst_649_2002.txt,file,6858,True,Included in списък на файловете
data/raw/bst_649_yearly/bst_649_2003.txt,file,6503,True,Included in списък на файловете
data/raw/bst_649_yearly/bst_649_2004.txt,file,6787,True,Included in списък на файловете
data/raw/bst_649_yearly/bst_649_2005.txt,file,7050,True,Included in списък на файловете
data/raw/bst_649_yearly/bst_649_2006.txt,file,7236,True,Included in списък на файловете
data/raw/bst_649_yearly/bst_649_2007.txt,file,6119,True,Included in списък на файловете
data/raw/bst_649_yearly/bst_649_2008.txt,file,6128,True,Included in списък на файловете
data/raw/bst_649_yearly/bst_649_2009.txt,file,6069,True,Included in списък на файловете
data/raw/bst_649_yearly/bst_649_2010.txt,file,4638,True,Included in списък на файловете
data/raw/bst_649_yearly/bst_649_2011.txt,file,4215,True,Included in списък на файловете
data/raw/bst_649_yearly/bst_649_2012.txt,file,4374,True,Included in списък на файловете
data/raw/bst_649_yearly/bst_649_2013.txt,file,5563,True,Included in списък на файловете
data/raw/bst_649_yearly/bst_649_2014.txt,file,5510,True,Included in списък на файловете
data/raw/bst_649_yearly/bst_649_2015.txt,file,3960,True,Included in списък на файловете
data/raw/bst_649_yearly/bst_649_2016.txt,file,3014,True,Included in списък на файловете
data/raw/bst_649_yearly/bst_649_2017.txt,file,3014,True,Included in списък на файловете
data/raw/bst_649_yearly/bst_649_2018.txt,file,4849,True,Included in списък на файловете
data/raw/bst_649_yearly/bst_649_2019.txt,file,4878,True,Included in списък на файловете
data/raw/bst_649_yearly/bst_649_2020.txt,file,6228,True,Included in списък на файловете
data/raw/bst_649_yearly/bst_649_2021.docx,file,14691,True,Included in списък на файловете
data/raw/bst_649_yearly/bst_649_2022.docx,file,16074,True,Included in списък на файловете
data/raw/bst_649_yearly/bst_649_2023.docx,file,17930,True,Included in списък на файловете
data/raw/bst_649_yearly/bst_649_2024.docx,file,17105,True,Included in списък на файловете
data/raw/bst_649_yearly/bst_649_2025.docx,file,14845,True,Included in списък на файловете
data/raw/bst_649_yearly/c6283cfbdeb917bb3ba894cc38b24728.docx,file,17930,True,Included in списък на файловете
data/raw/bst_649_yearly/ea7643fc1635991fe4548cf57b3cf994.docx,file,17105,True,Included in списък на файловете
data/raw/toto49_2026_statistics/cold_numbers_2026.csv,file,179,True,Included in списък на файловете
data/raw/toto49_2026_statistics/draws_2026.csv,file,2407,True,Included in списък на файловете
data/raw/toto49_2026_statistics/jackpot_summary_2026.csv,file,355,True,Included in списък на файловете
data/raw/toto49_2026_statistics/number_frequency_2026.csv,file,689,True,Included in списък на файловете
data/raw/toto49_2026_statistics/pair_frequency_observed_2026.csv,file,8053,True,Included in списък на файловете
data/raw/toto49_2026_statistics/README_BG.md,file,2059,True,Included in списък на файловете
data/raw/toto49_2026_statistics/statistics_report_BG.md,file,3679,True,Included in списък на файловете
data/raw/toto49_2026_statistics/sum_statistics_2026.csv,file,2021,True,Included in списък на файловете
data/raw/toto49_2026_statistics/top_numbers_2026.csv,file,182,True,Included in списък на файловете
data/raw/toto49_2026_statistics/top_pairs_2026.csv,file,361,True,Included in списък на файловете
data/v40_normalized_draw_events.csv,file,1357802,True,Included in списък на файловете
data/v40_sample_draw_event_result.csv,file,181,True,Included in списък на файловете
data/v40_sample_ticket_tables.csv,file,184,True,Included in списък на файловете
data/v41_bst_official_normalized_draw_events_candidate.csv,file,949462,True,Included in списък на файловете
data/v41_canonical_draw_events.csv,file,1115653,True,Included in списък на файловете
src/__init__.py,file,0,True,Included in списък на файловете
src/add_draws_section.py,file,23167,True,Included in списък на файловете
src/advanced_methods.py,file,37061,True,Included in списък на файловете
src/историческа проверкаing.py,file,6958,True,Included in списък на файловете
src/историческа проверкаing_center_section.py,file,16263,True,Included in списък на файловете
src/bg_ui_helpers.py,file,11247,True,Included in списък на файловете
src/cold_number_model.py,file,16911,True,Included in списък на файловете
src/combination_filters.py,file,7123,True,Included in списък на файловете
src/combined_strategy_model.py,file,22216,True,Included in списък на файловете
src/data_importer.py,file,24143,True,Included in списък на файловете
src/frequency_model.py,file,13376,True,Included in списък на файловете
src/gap_interval_model.py,file,21382,True,Included in списък на файловете
src/generator.py,file,663,True,Included in списък на файловете
src/historical_analysis.py,file,9007,True,Included in списък на файловете
src/middle_number_model.py,file,19120,True,Included in списък на файловете
src/ml_extensions.py,file,38455,True,Included in списък на файловете
src/pair_model.py,file,3297,True,Included in списък на файловете
src/prediction_engine.py,file,19980,True,Included in списък на файловете
src/probability.py,file,1535,True,Included in списък на файловете
src/probability_lab_section.py,file,21624,True,Included in списък на файловете
src/rolling_window_model.py,file,2737,True,Included in списък на файловете
src/scoring_model.py,file,1650,True,Included in списък на файловете
src/simulation.py,file,878,True,Included in списък на файловете
src/strategy_lab_section.py,file,14613,True,Included in списък на файловете
src/ticket_builder_section.py,file,58414,True,Included in списък на файловете
src/training_center_section.py,file,27215,True,Included in списък на файловете
src/v41_rules_aware_analysis_section.py,file,14207,True,Included in списък на файловете
src/v42_combined_analysis_section.py,file,18323,True,Included in списък на файловете
src/v43_interval_rhythm_analysis_section.py,file,10075,True,Included in списък на файловете
src/v44_final_комбиниран анализ_analysis_section.py,file,11526,True,Included in списък на файловете
src/v45_prediction_dashboard_pro_section.py,file,13616,True,Included in списък на файловете
src/v50_pair_group_analysis_section.py,file,11914,True,Included in списък на файловете
src/v51_ticket_пакет_section.py,file,13470,True,Included in списък на файловете
src/v53_ticket_coverage_engine.py,file,10363,True,Included in списък на файловете
src/v53_ticket_coverage_section.py,file,6701,True,Included in списък на файловете
src/v54_pattern_balance_engine.py,file,15770,True,Included in списък на файловете
src/v54_pattern_balance_section.py,file,6194,True,Included in списък на файловете
src/v55_number_profile_engine.py,file,20748,True,Included in списък на файловете
src/v55_number_profile_section.py,file,7464,True,Included in списък на файловете
src/v56_draw_similarity_engine.py,file,10259,True,Included in списък на файловете
src/v56_draw_similarity_section.py,file,6479,True,Included in списък на файловете
src/v57_hot_cold_stable_engine.py,file,11502,True,Included in списък на файловете
src/v57_hot_cold_stable_section.py,file,7870,True,Included in списък на файловете
src/v58_smart_комбиниран анализ_score_engine.py,file,17528,True,Included in списък на файловете
src/v58_smart_комбиниран анализ_score_section.py,file,8366,True,Included in списък на файловете
src/v59_smart_ticket_builder_2_engine.py,file,16819,True,Included in списък на файловете
src/v59_smart_ticket_builder_2_section.py,file,10055,True,Included in списък на файловете
src/v60_ticket_builder_export_utils.py,file,3834,True,Included in списък на файловете
src/v61_draw_result_analyzer_engine.py,file,23656,True,Included in списък на файловете
src/v61_draw_result_analyzer_section.py,file,10000,True,Included in списък на файловете
src/v62_model_performance_tracker_engine.py,file,14763,True,Included in списък на файловете
src/v62_model_performance_tracker_section.py,file,9120,True,Included in списък на файловете
src/v63_model_reliability_dashboard_engine.py,file,9116,True,Included in списък на файловете
src/v63_model_reliability_dashboard_section.py,file,4925,True,Included in списък на файловете
src/v65_model_weighting_engine.py,file,11189,True,Included in списък на файловете
src/v65_model_weighting_section.py,file,5093,True,Included in списък на файловете
src/v66_weighted_smart_комбиниран анализ_engine.py,file,23420,True,Included in списък на файловете
src/v66_weighted_smart_комбиниран анализ_section.py,file,6219,True,Included in списък на файловете
src/v67_weighted_ticket_builder_engine.py,file,20961,True,Included in списък на файловете
src/v67_weighted_ticket_builder_section.py,file,6940,True,Included in списък на файловете
src/v68_weighted_пакет_оптимизатор_engine.py,file,22943,True,Included in списък на файловете
src/v68_weighted_пакет_оптимизатор_section.py,file,8497,True,Included in списък на файловете
src/v69_пакет_improvement_engine.py,file,28065,True,Included in списък на файловете
src/v69_пакет_improvement_section.py,file,7839,True,Included in списък на файловете
src/v70_applied_candidate_пакет_engine.py,file,25324,True,Included in списък на файловете
src/v70_applied_candidate_пакет_section.py,file,7871,True,Included in списък на файловете
src/v71_ticket_pack_export_engine.py,file,18304,True,Included in списък на файловете
src/v71_ticket_pack_export_section.py,file,6603,True,Included in списък на файловете
src/v72_верига_refresh_engine.py,file,20710,True,Included in списък на файловете
src/v72_верига_refresh_section.py,file,7630,True,Included in списък на файловете
src/v73_ticket_pack_performance_tracker_engine.py,file,16165,True,Included in списък на файловете
src/v73_ticket_pack_performance_tracker_section.py,file,7389,True,Included in списък на файловете
src/v74_git_sync_actions.py,file,5480,True,Included in списък на файловете
src/v74_model_dependency_sync_center_engine.py,file,52335,True,Included in списък на файловете
src/v74_model_dependency_sync_center_section.py,file,15332,True,Included in списък на файловете
src/v74_selective_sync_actions.py,file,38646,True,Included in списък на файловете
src/v75_neural_meta_learner_engine.py,file,22573,True,Included in списък на файловете
src/v75_neural_meta_learner_section.py,file,5083,True,Included in списък на файловете
src/v76_explainability_validation_engine.py,file,17964,True,Included in списък на файловете
src/v76_explainability_validation_section.py,file,5833,True,Included in списък на файловете
src/v77_decision_recommendation_engine.py,file,15876,True,Included in списък на файловете
src/v77_decision_recommendation_section.py,file,5116,True,Included in списък на файловете
src/v78_final_play_plan_engine.py,file,15054,True,Included in списък на файловете
src/v78_final_play_plan_section.py,file,5107,True,Included in списък на файловете
src/v79_ticket_pack_export_engine.py,file,14258,True,Included in списък на файловете
src/v79_ticket_pack_export_section.py,file,4273,True,Included in списък на файловете
src/v80_final_system_audit_engine.py,file,19973,True,Included in списък на файловете
src/v80_final_system_audit_section.py,file,9093,True,Included in списък на файловете
src/v81_final_ux_navigation_engine.py,file,11448,True,Included in списък на файловете
src/v81_final_ux_navigation_section.py,file,3733,True,Included in списък на файловете
src/v82_final_release_package_engine.py,file,18814,True,Included in списък на файловете
src/v82_final_release_package_section.py,file,4099,True,Included in списък на файловете
src/v83_final_user_manual_engine.py,file,18240,True,Included in списък на файловете
src/v83_final_user_manual_section.py,file,6475,True,Included in списък на файловете
scripts/audit_bst_данни.py,file,2439,True,Included in списък на файловете
scripts/download_bst_649_history.py,file,1165,True,Included in списък на файловете
scripts/v40_create_normalized_draw_events.py,file,8756,True,Included in списък на файловете
scripts/v40_rules_aware_draw_audit.py,file,11085,True,Included in списък на файловете
scripts/v40_ticket_checker.py,file,10763,True,Included in списък на файловете
scripts/v41_build_canonical_draw_events.py,file,13035,True,Included in списък на файловете
scripts/v41_import_bst_official_archive.py,file,16231,True,Included in списък на файловете
scripts/v41_train_rules_aware_models.py,file,25339,True,Included in списък на файловете
scripts/v41_training_readiness_audit.py,file,9257,True,Included in списък на файловете
scripts/v42_build_combined_positive_negative_foundation.py,file,19578,True,Included in списък на файловете
scripts/v43_1_refine_interval_rhythm_foundation.py,file,21146,True,Included in списък на файловете
scripts/v44_1_refine_final_комбиниран анализ_ticket_foundation.py,file,25103,True,Included in списък на файловете
scripts/v45_train_prediction_engine_pro.py,file,46851,True,Included in списък на файловете
scripts/v50_build_pair_group_intelligence.py,file,10771,True,Included in списък на файловете
scripts/v51_build_ticket_пакет_intelligence.py,file,14760,True,Included in списък на файловете
scripts/v53_build_ticket_coverage_intelligence.py,file,3948,True,Included in списък на файловете
scripts/v54_build_pattern_balance_engine.py,file,3942,True,Included in списък на файловете
scripts/v55_build_number_profile_center.py,file,6060,True,Included in списък на файловете
scripts/v56_build_draw_similarity_search.py,file,4730,True,Included in списък на файловете
scripts/v57_build_hot_cold_stable_center.py,file,4560,True,Included in списък на файловете
scripts/v58_build_smart_комбиниран анализ_score_2.py,file,5493,True,Included in списък на файловете
scripts/v59_build_smart_ticket_builder_2.py,file,5663,True,Included in списък на файловете
scripts/v60_build_ticket_builder_2_polish_export.py,file,5768,True,Included in списък на файловете
scripts/v61_build_draw_result_analyzer.py,file,987,True,Included in списък на файловете
scripts/v62_build_model_performance_tracker.py,file,554,True,Included in списък на файловете
scripts/v63_build_model_reliability_dashboard.py,file,631,True,Included in списък на файловете
scripts/v65_build_model_weighting_center.py,file,520,True,Included in списък на файловете
scripts/v66_build_weighted_smart_комбиниран анализ.py,file,578,True,Included in списък на файловете
scripts/v67_build_weighted_ticket_builder.py,file,561,True,Included in списък на файловете
scripts/v68_build_weighted_пакет_оптимизатор.py,file,624,True,Included in списък на файловете
scripts/v69_build_пакет_improvement_suggestions.py,file,651,True,Included in списък на файловете
scripts/v70_build_applied_candidate_пакет.py,file,633,True,Included in списък на файловете
scripts/v71_build_ticket_pack_export.py,file,524,True,Included in списък на файловете
scripts/v72_build_верига_refresh_plan.py,file,608,True,Included in списък на файловете
scripts/v73_build_ticket_pack_performance_tracker.py,file,537,True,Included in списък на файловете
scripts/v74_1_selective_model_sync.py,file,1326,True,Included in списък на файловете
scripts/v74_build_model_dependency_sync_center.py,file,618,True,Included in списък на файловете
scripts/v75_build_neural_meta_learner.py,file,630,True,Included in списък на файловете
scripts/v76_build_explainability_validation_center.py,file,632,True,Included in списък на файловете
scripts/v77_build_decision_recommendation_center.py,file,622,True,Included in списък на файловете
scripts/v78_build_final_play_plan_center.py,file,649,True,Included in списък на файловете
scripts/v79_build_ticket_pack_export_center.py,file,654,True,Included in списък на файловете
scripts/v80_build_final_system_audit_center.py,file,700,True,Included in списък на файловете
scripts/v81_build_final_ux_navigation_center.py,file,740,True,Included in списък на файловете
scripts/v82_build_final_release_package_center.py,file,764,True,Included in списък на файловете
scripts/v83_build_final_user_manual_center.py,file,624,True,Included in списък на файловете
models/lottery_advanced_историческа проверка.json,file,58479,True,Included in списък на файловете
models/lottery_advanced_комбиниран анализ_model.json,file,61938,True,Included in списък на файловете
models/lottery_cold_model.json,file,25685,True,Included in списък на файловете
models/lottery_combined_model.json,file,67069,True,Included in списък на файловете
models/lottery_frequency_model.json,file,27697,True,Included in списък на файловете
models/lottery_gap_model.json,file,34239,True,Included in списък на файловете
models/lottery_middle_model.json,file,35048,True,Included in списък на файловете
models/lottery_ml_extensions_model.json,file,37760,True,Included in списък на файловете
models/lottery_prediction_model.json,file,51777,True,Included in списък на файловете
models/model_registry.json,file,100864,True,Included in списък на файловете
models/v41/v41_frequency_main_numbers_model.json,file,1987,True,Included in списък на файловете
models/v41/v41_latest_predictions.json,file,800,True,Included in списък на файловете
models/v41/v41_recency_main_numbers_model.json,file,1297,True,Included in списък на файловете
models/v41/v41_sgd_number_model.joblib,file,2297,True,Included in списък на файловете
models/v41/v41_sgd_number_model_metadata.json,file,1076,True,Included in списък на файловете
models/v42/v42_combined_prediction.json,file,3783,True,Included in списък на файловете
models/v42/v42_positive_negative_number_scores.json,file,27781,True,Included in списък на файловете
models/v43_1/v43_1_interval_rhythm_refined_prediction.json,file,8563,True,Included in списък на файловете
models/v43_1/v43_1_interval_rhythm_refined_scores.json,file,62569,True,Included in списък на файловете
models/v44_1/v44_1_final_комбиниран анализ_number_scores.json,file,32153,True,Included in списък на файловете
models/v44_1/v44_1_final_комбиниран анализ_ticket_prediction.json,file,33237,True,Included in списък на файловете
models/v45/v45_final_prediction_tickets.json,file,22298,True,Included in списък на файловете
models/v45/v45_latest_number_scores.json,file,23393,True,Included in списък на файловете
models/v45/v45_model_metadata.json,file,1675,True,Included in списък на файловете
models/v45/v45_number_score_model.joblib,file,5290,True,Included in списък на файловете
models/v50/v50_pair_group_intelligence.json,file,19897,True,Included in списък на файловете
models/v51/v51_ticket_пакет_intelligence.json,file,803,True,Included in списък на файловете
models/v53/v53_ticket_coverage_rules.json,file,1098,True,Included in списък на файловете
models/v54/v54_pattern_balance_rules.json,file,1199,True,Included in списък на файловете
models/v55/v55_number_profile_manifest.json,file,1186,True,Included in списък на файловете
models/v56/v56_draw_similarity_manifest.json,file,934,True,Included in списък на файловете
models/v57/v57_hot_cold_stable_manifest.json,file,959,True,Included in списък на файловете
models/v58/v58_smart_комбиниран анализ_manifest.json,file,1070,True,Included in списък на файловете
models/v59/v59_smart_ticket_builder_2_manifest.json,file,1001,True,Included in списък на файловете
models/v60/v60_ticket_builder_2_polish_export_manifest.json,file,881,True,Included in списък на файловете
models/v61/v61_draw_result_analyzer_manifest.json,file,1265,True,Included in списък на файловете
models/v62/v62_model_performance_tracker_model.json,file,6064,True,Included in списък на файловете
models/v63/v63_model_reliability_dashboard_model.json,file,6096,True,Included in списък на файловете
models/v65/v65_model_weighting_center_model.json,file,8327,True,Included in списък на файловете
models/v66/v66_weighted_smart_комбиниран анализ_model.json,file,27011,True,Included in списък на файловете
models/v67/v67_weighted_ticket_builder_model.json,file,23988,True,Included in списък на файловете
models/v68/v68_weighted_пакет_оптимизатор_model.json,file,31660,True,Included in списък на файловете
models/v69/v69_пакет_improvement_model.json,file,118874,True,Included in списък на файловете
models/v70/v70_applied_candidate_пакет_model.json,file,17983,True,Included in списък на файловете
models/v71/v71_ticket_pack_export_model.json,file,9725,True,Included in списък на файловете
models/v72/v72_верига_refresh_model.json,file,6873,True,Included in списък на файловете
models/v73/v73_ticket_pack_performance_tracker_model.json,file,5201,True,Included in списък на файловете
models/v74/v74_model_dependency_sync_center_model.json,file,100864,True,Included in списък на файловете
models/v75/v75_neural_meta_learner_model.json,file,10846,True,Included in списък на файловете
models/v76/v76_explainability_validation_model.json,file,55262,True,Included in списък на файловете
models/v77/v77_decision_recommendation_model.json,file,11638,True,Included in списък на файловете
models/v78/v78_final_play_plan_model.json,file,12554,True,Included in списък на файловете
models/v79/v79_ticket_pack_export_model.json,file,12828,True,Included in списък на файловете
models/v80/v80_final_system_audit_model.json,file,34798,True,Included in списък на файловете
models/v81/v81_final_ux_navigation_model.json,file,43154,True,Included in списък на файловете
models/v82/v82_final_release_package_model.json,file,19825,True,Included in списък на файловете
models/v83/v83_final_user_manual_model.json,file,15776,True,Included in списък на файловете
models/versions/lottery_ml_extensions_model_v1_20260620_205905.json,file,37760,True,Included in списък на файловете
models/versions/lottery_ml_extensions_model_v1_20260620_210331.json,file,37760,True,Included in списък на файловете
models/versions/lottery_ml_extensions_model_v1_20260621_062313.json,file,37760,True,Included in списък на файловете
models/versions/lottery_ml_extensions_model_v1_20260621_063300.json,file,37760,True,Included in списък на файловете
models/versions/lottery_ml_extensions_model_v1_20260621_063450.json,file,37760,True,Included in списък на файловете
models/versions/lottery_ml_extensions_model_v1_20260621_064943.json,file,37760,True,Included in списък на файловете
models/versions/lottery_ml_extensions_model_v1_20260621_065006.json,file,37760,True,Included in списък на файловете
models/versions/lottery_ml_extensions_model_v1_20260621_065232.json,file,37760,True,Included in списък на файловете
models/versions/lottery_ml_extensions_model_v1_20260621_065448.json,file,37760,True,Included in списък на файловете
models/versions/lottery_ml_extensions_model_v1_20260621_065629.json,file,37760,True,Included in списък на файловете
models/versions/lottery_prediction_model_v36_20260620_205906.json,file,51548,True,Included in списък на файловете
models/versions/lottery_prediction_model_v36_20260620_210332.json,file,51548,True,Included in списък на файловете
models/versions/lottery_prediction_model_v36_20260621_070453.json,file,51777,True,Included in списък на файловете
models/versions/lottery_prediction_model_v36_20260621_070842.json,file,51777,True,Included in списък на файловете
models/versions/lottery_prediction_model_v36_20260621_070922.json,file,51777,True,Included in списък на файловете
models/versions/lottery_prediction_model_v36_20260621_071236.json,file,51777,True,Included in списък на файловете
models/versions/lottery_prediction_model_v36_20260621_071305.json,file,51777,True,Included in списък на файловете
models/versions/lottery_prediction_model_v36_20260621_073106.json,file,51777,True,Included in списък на файловете
models/versions/lottery_prediction_model_v36_20260621_073138.json,file,51777,True,Included in списък на файловете
models/versions/lottery_prediction_model_v36_20260621_073314.json,file,51777,True,Included in списък на файловете
models/versions/lottery_prediction_model_v36_20260621_075025.json,file,51777,True,Included in списък на файловете
reports/2026_partial_update_report.md,file,1101,True,Included in списък на файловете
reports/advanced_историческа проверка_report.md,file,8703,True,Included in списък на файловете
reports/advanced_комбиниран анализ_report.md,file,10085,True,Included in списък на файловете
reports/историческа проверка_report.md,file,991187,True,Included in списък на файловете
reports/cold_историческа проверка_report.md,file,1292779,True,Included in списък на файловете
reports/cold_model_report.md,file,2632,True,Included in списък на файловете
reports/combined_историческа проверка_report.md,file,3986,True,Included in списък на файловете
reports/combined_strategy_report.md,file,10187,True,Included in списък на файловете
reports/data_audit_report.md,file,1273,True,Included in списък на файловете
reports/data_import_report.md,file,1923,True,Included in списък на файловете
reports/frequency_model_report.md,file,2140,True,Included in списък на файловете
reports/gap_историческа проверка_report.md,file,1892671,True,Included in списък на файловете
reports/gap_model_report.md,file,3187,True,Included in списък на файловете
reports/historical_report.md,file,1957,True,Included in списък на файловете
reports/middle_историческа проверка_report.md,file,1592751,True,Included in списък на файловете
reports/middle_model_report.md,file,2530,True,Included in списък на файловете
reports/ml_classification_report.md,file,589,True,Included in списък на файловете
reports/ml_clustering_report.md,file,867,True,Included in списък на файловете
reports/ml_dimensionality_reduction_report.md,file,492,True,Included in списък на файловете
reports/ml_extensions_историческа проверка_report.md,file,3109,True,Included in списък на файловете
reports/ml_extensions_model_card.md,file,1177,True,Included in списък на файловете
reports/ml_extensions_report.md,file,2291,True,Included in списък на файловете
reports/prediction_methodology_report.md,file,990,True,Included in списък на файловете
reports/prediction_model_card.md,file,899,True,Included in списък на файловете
reports/prediction_report.md,file,8784,True,Included in списък на файловете
reports/v40_normalized_draw_events_report.json,file,2870,True,Included in списък на файловете
reports/v40_normalized_draw_events_report.md,file,1924,True,Included in списък на файловете
reports/v40_rules_aware_draw_audit.json,file,4342,True,Included in списък на файловете
reports/v40_rules_aware_draw_audit.md,file,2354,True,Included in списък на файловете
reports/v40_ticket_checker_sample.csv,file,1336,True,Included in списък на файловете
reports/v40_ticket_checker_sample.json,file,4307,True,Included in списък на файловете
reports/v40_ticket_checker_sample.md,file,2946,True,Included in списък на файловете
reports/v41_bst_official_archive_audit.json,file,38445,True,Included in списък на файловете
reports/v41_bst_official_archive_audit.md,file,723,True,Included in списък на файловете
reports/v41_bst_official_archive_urls.csv,file,4542,True,Included in списък на файловете
reports/v41_canonical_draw_events_audit.json,file,23321,True,Included in списък на файловете
reports/v41_canonical_draw_events_audit.md,file,3779,True,Included in списък на файловете
reports/v41_model_историческа проверка_events.csv,file,448521,True,Included in списък на файловете
reports/v41_model_retraining_summary.json,file,2599,True,Included in списък на файловете
reports/v41_model_retraining_summary.md,file,1516,True,Included in списък на файловете
reports/v41_training_readiness_audit.json,file,36741,True,Included in списък на файловете
reports/v41_training_readiness_audit.md,file,1074,True,Included in списък на файловете
reports/v42_combined_positive_negative_scores.csv,file,4332,True,Included in списък на файловете
reports/v42_combined_positive_negative_summary.json,file,24546,True,Included in списък на файловете
reports/v42_combined_positive_negative_summary.md,file,2445,True,Included in списък на файловете
reports/v43_1_interval_rhythm_refined_scores.csv,file,10041,True,Included in списък на файловете
reports/v43_1_interval_rhythm_refined_summary.json,file,61743,True,Included in списък на файловете
reports/v43_1_interval_rhythm_refined_summary.md,file,3361,True,Included in списък на файловете
reports/v44_1_final_комбиниран анализ_number_scores.csv,file,5398,True,Included in списък на файловете
reports/v44_1_final_комбиниран анализ_ticket_summary.json,file,33237,True,Included in списък на файловете
reports/v44_1_final_комбиниран анализ_ticket_summary.md,file,1990,True,Included in списък на файловете
reports/v45_историческа проверка_by_model.csv,file,947,True,Included in списък на файловете
reports/v45_историческа проверка_results.csv,file,1055470,True,Included in списък на файловете
reports/v45_feature_importance.csv,file,2381,True,Included in списък на файловете
reports/v45_training_summary.json,file,5625,True,Included in списък на файловете
reports/v45_training_summary.md,file,1341,True,Included in списък на файловете
reports/v50_group_scores.csv,file,1079984,True,Included in списък на файловете
reports/v50_pair_group_summary.json,file,10208,True,Included in списък на файловете
reports/v50_pair_group_summary.md,file,1766,True,Included in списък на файловете
reports/v50_pair_scores.csv,file,78084,True,Included in списък на файловете
reports/v51_current_pro_ticket_score.csv,file,360,True,Included in списък на файловете
reports/v51_ticket_пакет_summary.json,file,2349,True,Included in списък на файловете
reports/v51_ticket_пакет_summary.md,file,627,True,Included in списък на файловете
reports/v53_ticket_coverage_summary.json,file,574,True,Included in списък на файловете
reports/v53_ticket_coverage_summary.md,file,994,True,Included in списък на файловете
reports/v54_pattern_balance_summary.json,file,623,True,Included in списък на файловете
reports/v54_pattern_balance_summary.md,file,802,True,Included in списък на файловете
reports/v55_number_profile_summary.json,file,3578,True,Included in списък на файловете
reports/v55_number_profile_summary.md,file,2397,True,Included in списък на файловете
reports/v55_number_profiles.csv,file,11827,True,Included in списък на файловете
reports/v55_number_profiles.json,file,142052,True,Included in списък на файловете
reports/v56_draw_similarity_summary.json,file,10818,True,Included in списък на файловете
reports/v56_draw_similarity_summary.md,file,1048,True,Included in списък на файловете
reports/v57_hot_cold_stable_numbers.csv,file,7879,True,Included in списък на файловете
reports/v57_hot_cold_stable_numbers.json,file,83344,True,Included in списък на файловете
reports/v57_hot_cold_stable_summary.json,file,3893,True,Included in списък на файловете
reports/v57_hot_cold_stable_summary.md,file,1073,True,Included in списък на файловете
reports/v58_smart_комбиниран анализ_scores_sample.csv,file,568,True,Included in списък на файловете
reports/v58_smart_комбиниран анализ_scores_sample.json,file,44905,True,Included in списък на файловете
reports/v58_smart_комбиниран анализ_summary.json,file,534,True,Included in списък на файловете
reports/v58_smart_комбиниран анализ_summary.md,file,1294,True,Included in списък на файловете
reports/v59_smart_ticket_builder_2_sample.csv,file,722,True,Included in списък на файловете
reports/v59_smart_ticket_builder_2_sample.json,file,106265,True,Included in списък на файловете
reports/v59_smart_ticket_builder_2_summary.json,file,911,True,Included in списък на файловете
reports/v59_smart_ticket_builder_2_summary.md,file,1510,True,Included in списък на файловете
reports/v60_ticket_builder_2_export_sample.csv,file,724,True,Included in списък на файловете
reports/v60_ticket_builder_2_export_sample.json,file,6592,True,Included in списък на файловете
reports/v60_ticket_builder_2_export_sample.txt,file,1247,True,Included in списък на файловете
reports/v60_ticket_builder_2_polish_export_summary.json,file,592,True,Included in списък на файловете
reports/v60_ticket_builder_2_polish_export_summary.md,file,1660,True,Included in списък на файловете
reports/v61_draw_result_analyzer_summary.json,file,2282,True,Included in списък на файловете
reports/v61_draw_result_analyzer_summary.md,file,1419,True,Included in списък на файловете
reports/v61_latest_draw_analysis.json,file,35618,True,Included in списък на файловете
reports/v61_latest_draw_closest_previous_draws.csv,file,861,True,Included in списък на файловете
reports/v61_latest_draw_number_profile.csv,file,843,True,Included in списък на файловете
reports/v61_model_signal_hits.csv,file,4896,True,Included in списък на файловете
reports/v62_latest_model_performance.csv,file,1347,True,Included in списък на файловете
reports/v62_model_performance_history.csv,file,1549,True,Included in списък на файловете
reports/v62_model_performance_summary.json,file,833,True,Included in списък на файловете
reports/v62_model_performance_summary.md,file,1210,True,Included in списък на файловете
reports/v63_model_reliability_scores.csv,file,1786,True,Included in списък на файловете
reports/v63_model_reliability_summary.json,file,626,True,Included in списък на файловете
reports/v63_model_reliability_summary.md,file,1985,True,Included in списък на файловете
reports/v65_model_weighting_summary.json,file,866,True,Included in списък на файловете
reports/v65_model_weighting_summary.md,file,2468,True,Included in списък на файловете
reports/v65_model_weights.csv,file,2735,True,Included in списък на файловете
reports/v66_weighted_smart_комбиниран анализ_scores.csv,file,12010,True,Included in списък на файловете
reports/v66_weighted_smart_комбиниран анализ_summary.json,file,1106,True,Included in списък на файловете
reports/v66_weighted_smart_комбиниран анализ_summary.md,file,4205,True,Included in списък на файловете
reports/v67_weighted_ticket_builder_summary.json,file,1044,True,Included in списък на файловете
reports/v67_weighted_ticket_builder_summary.md,file,2009,True,Included in списък на файловете
reports/v67_weighted_ticket_builder_tickets.csv,file,4331,True,Included in списък на файловете
reports/v67_weighted_ticket_builder_tickets.json,file,8930,True,Included in списък на файловете
reports/v68_weighted_пакет_coverage.csv,file,5678,True,Included in списък на файловете
reports/v68_weighted_пакет_overlaps.csv,file,400,True,Included in списък на файловете
reports/v68_weighted_пакет_repeated_pairs.csv,file,386,True,Included in списък на файловете
reports/v68_weighted_пакет_repeated_triples.csv,file,107,True,Included in списък на файловете
reports/v68_weighted_пакет_summary.json,file,2434,True,Included in списък на файловете
reports/v68_weighted_пакет_summary.md,file,2768,True,Included in списък на файловете
reports/v68_weighted_пакет_tickets.csv,file,1905,True,Included in списък на файловете
reports/v69_candidate_пакет_tickets.csv,file,1575,True,Included in списък на файловете
reports/v69_candidate_пакет_tickets.json,file,2607,True,Included in списък на файловете
reports/v69_пакет_improvement_suggestions.csv,file,35064,True,Included in списък на файловете
reports/v69_пакет_improvement_summary.json,file,1681,True,Included in списък на файловете
reports/v69_пакет_improvement_summary.md,file,7524,True,Included in списък на файловете
reports/v70_applied_candidate_пакет_changes.csv,file,741,True,Included in списък на файловете
reports/v70_applied_candidate_пакет_summary.json,file,1620,True,Included in списък на файловете
reports/v70_applied_candidate_пакет_summary.md,file,2438,True,Included in списък на файловете
reports/v70_applied_candidate_пакет_tickets.csv,file,2105,True,Included in списък на файловете
reports/v70_applied_candidate_пакет_tickets.json,file,4701,True,Included in списък на файловете
reports/v70_original_vs_candidate_пакет.csv,file,1138,True,Included in списък на файловете
reports/v71_ticket_pack.csv,file,2590,True,Included in списък на файловете
reports/v71_ticket_pack.json,file,9725,True,Included in списък на файловете
reports/v71_ticket_pack.txt,file,2122,True,Included in списък на файловете
reports/v71_ticket_pack_printable.html,file,4830,True,Included in списък на файловете
reports/v71_ticket_pack_printable.md,file,2131,True,Included in списък на файловете
reports/v71_ticket_pack_summary.json,file,1140,True,Included in списък на файловете
reports/v71_ticket_pack_summary.md,file,2131,True,Included in списък на файловете
reports/v72_верига_refresh_plan.csv,file,2673,True,Included in списък на файловете
reports/v72_верига_refresh_summary.json,file,1025,True,Included in списък на файловете
reports/v72_верига_refresh_summary.md,file,2338,True,Included in списък на файловете
reports/v73_latest_ticket_pack_result.csv,file,187,True,Included in списък на файловете
reports/v73_ticket_pack_performance_history.csv,file,402,True,Included in списък на файловете
reports/v73_ticket_pack_performance_summary.json,file,1128,True,Included in списък на файловете
reports/v73_ticket_pack_performance_summary.md,file,1568,True,Included in списък на файловете
reports/v74_1_latest_selective_sync_plan.csv,file,1430,True,Included in списък на файловете
reports/v74_1_latest_selective_sync_result.json,file,13538,True,Included in списък на файловете
reports/v74_model_dependency_map.csv,file,12045,True,Included in списък на файловете
reports/v74_model_dependency_summary.json,file,2662,True,Included in списък на файловете
reports/v74_model_dependency_summary.md,file,5844,True,Included in списък на файловете
reports/v74_model_sync_status.csv,file,27755,True,Included in списък на файловете
reports/v75_neural_candidate_tickets.csv,file,431,True,Included in списък на файловете
reports/v75_neural_candidate_tickets.json,file,1922,True,Included in списък на файловете
reports/v75_neural_meta_learner_summary.json,file,3251,True,Included in списък на файловете
reports/v75_neural_meta_learner_summary.md,file,1971,True,Included in списък на файловете
reports/v75_neural_meta_number_scores.csv,file,9239,True,Included in списък на файловете
reports/v76_explainability_validation_summary.json,file,826,True,Included in списък на файловете
reports/v76_explainability_validation_summary.md,file,5629,True,Included in списък на файловете
reports/v76_number_explanations.csv,file,24854,True,Included in списък на файловете
reports/v76_ticket_explanations.json,file,15307,True,Included in списък на файловете
reports/v76_ticket_validation.csv,file,3043,True,Included in списък на файловете
reports/v76_validation_warnings.csv,file,3560,True,Included in списък на файловете
reports/v77_decision_recommendation_summary.json,file,1132,True,Included in списък на файловете
reports/v77_decision_recommendation_summary.md,file,4242,True,Included in списък на файловете
reports/v77_decision_recommendations.json,file,10690,True,Included in списък на файловете
reports/v77_decision_warnings.csv,file,73,True,Included in списък на файловете
reports/v77_ticket_recommendations.csv,file,6005,True,Included in списък на файловете
reports/v78_final_play_plan.json,file,11290,True,Included in списък на файловете
reports/v78_final_play_plan_summary.json,file,1035,True,Included in списък на файловете
reports/v78_final_play_plan_summary.md,file,3175,True,Included in списък на файловете
reports/v78_play_plan_actions.csv,file,1361,True,Included in списък на файловете
reports/v78_play_plan_warnings.csv,file,889,True,Included in списък на файловете
reports/v78_selected_ticket_plan.csv,file,4558,True,Included in списък на файловете
reports/v79_execution_checklist.csv,file,2427,True,Included in списък на файловете
reports/v79_export_ticket_pack.csv,file,3735,True,Included in списък на файловете
reports/v79_ticket_pack_copy_text.txt,file,1799,True,Included in списък на файловете
reports/v79_ticket_pack_export.json,file,11679,True,Included in списък на файловете
reports/v79_ticket_pack_export_summary.json,file,930,True,Included in списък на файловете
reports/v79_ticket_pack_export_summary.md,file,3273,True,Included in списък на файловете
reports/v80_artifact_audit.csv,file,9585,True,Included in списък на файловете
reports/v80_данни_audit.csv,file,1204,True,Included in списък на файловете
reports/v80_file_quality_audit.csv,file,11374,True,Included in списък на файловете
reports/v80_final_system_audit_summary.json,file,1142,True,Included in списък на файловете
reports/v80_final_system_audit_summary.md,file,1556,True,Included in списък на файловете
reports/v80_sync_plan_audit.csv,file,1320,True,Included in списък на файловете
reports/v81_final_ux_navigation_summary.json,file,1018,True,Included in списък на файловете
reports/v81_final_ux_navigation_summary.md,file,1099,True,Included in списък на файловете
reports/v81_navigation_groups.csv,file,2549,True,Included in списък на файловете
reports/v81_navigation_page_audit.csv,file,22020,True,Included in списък на файловете
reports/v81_streamlit_label_audit.csv,file,3135,True,Included in списък на файловете
reports/v82_clean_zip_exclusion_plan.csv,file,3011,True,Included in списък на файловете
reports/v82_final_release_summary.json,file,2405,True,Included in списък на файловете
reports/v82_final_release_summary.md,file,872,True,Included in списък на файловете
reports/v82_release_file_manifest.csv,file,63258,True,Included in списък на файловете
reports/v82_release_readiness_checklist.csv,file,9716,True,Included in списък на файловете
reports/v83_app_guide_sections.csv,file,6377,True,Included in списък на файловете
reports/v83_final_user_manual_summary.json,file,1127,True,Included in списък на файловете
reports/v83_final_user_manual_summary.md,file,4433,True,Included in списък на файловете
reports/v83_recommended_работен процес.csv,file,3281,True,Included in списък на файловете
reports/v83_safe_usage_checklist.csv,file,1607,True,Included in списък на файловете
