section_order,section,purpose,user_action,safe_note
1,Какво представлява приложението,Показва статистически анализи върху исторически тиражи 6/49 и помага за дисциплиниран избор на комбинации.,"Използвай го като помощник за анализ, не като система за сигурна печалба.","Step 83 е финален потребителски помощен слой. Той обяснява как да се използва приложението дисциплинирано и безопасно. Не е прогноза, не е обещание и не е гаранция за печалба."
2,Какво не представлява приложението,Не предсказва бъдещ тираж и не отменя случайността на лотарията.,Не увеличавай залога само защото даден модул показва висока оценка.,"Step 83 е финален потребителски помощен слой. Той обяснява как да се използва приложението дисциплинирано и безопасно. Не е прогноза, не е обещание и не е гаранция за печалба."
3,Добавяне на нов тираж,Въвежда нови реални числа и синхронизира наборите от данни и зависимите модели.,"Първо провери числата внимателно, после пускай обновяването.","Step 83 е финален потребителски помощен слой. Той обяснява как да се използва приложението дисциплинирано и безопасно. Не е прогноза, не е обещание и не е гаранция за печалба."
4,Анализ на нов тираж,"Сравнява новия тираж с предишни модели, пакети и статистически сигнали.","Използвай резултата за наблюдение на модела, не за обещание за следващия тираж.","Step 83 е финален потребителски помощен слой. Той обяснява как да се използва приложението дисциплинирано и безопасно. Не е прогноза, не е обещание и не е гаранция за печалба."
5,Исторически анализи,"Показват честоти, интервали, сходни тиражи, двойки, групи и профили на числа.",Гледай ги като контекст и проверка на структурата.,"Step 83 е финален потребителски помощен слой. Той обяснява как да се използва приложението дисциплинирано и безопасно. Не е прогноза, не е обещание и не е гаранция за печалба."
6,Генератори и портфолио,Създават и оценяват комбинации чрез различни статистически слоеве.,"Избирай малък, дисциплиниран пакет, без да гониш прекалено много комбинации.","Step 83 е финален потребителски помощен слой. Той обяснява как да се използва приложението дисциплинирано и безопасно. Не е прогноза, не е обещание и не е гаранция за печалба."
7,Финален план,"Събира препоръки, резерви и действия в практичен план за използване.",Следвай финалния план само като организирана статистическа помощ.,"Step 83 е финален потребителски помощен слой. Той обяснява как да се използва приложението дисциплинирано и безопасно. Не е прогноза, не е обещание и не е гаранция за печалба."
8,Експорт и изпълнение,"Подготвя финалния пакет за копиране, печат или ръчна проверка.",Преди реално пускане провери всяка комбинация ръчно.,"Step 83 е финален потребителски помощен слой. Той обяснява как да се използва приложението дисциплинирано и безопасно. Не е прогноза, не е обещание и не е гаранция за печалба."
9,Системни проверки,"Проверяват верига за синхронизация, готовност на финалния пакет, UX, опис на файловете, съгласуваност на данните и техническа чистота.","Пускай ги след важни промени, особено след добавяне на тираж.","Step 83 е финален потребителски помощен слой. Той обяснява как да се използва приложението дисциплинирано и безопасно. Не е прогноза, не е обещание и не е гаранция за печалба."
10,Добра дисциплина,Помага да се избегне емоционално преследване на загуби и прекомерно доверие в модел.,Определи лимит предварително и не го променяй според моментен резултат.,"Step 83 е финален потребителски помощен слой. Той обяснява как да се използва приложението дисциплинирано и безопасно. Не е прогноза, не е обещание и не е гаранция за печалба."
